-- phpMyAdmin SQL Dump
-- version 5.2.1
-- https://www.phpmyadmin.net/
--
-- Host: 127.0.0.1
-- Waktu pembuatan: 18 Apr 2025 pada 19.05
-- Versi server: 10.4.32-MariaDB
-- Versi PHP: 8.2.12

SET SQL_MODE = "NO_AUTO_VALUE_ON_ZERO";
START TRANSACTION;
SET time_zone = "+00:00";


/*!40101 SET @OLD_CHARACTER_SET_CLIENT=@@CHARACTER_SET_CLIENT */;
/*!40101 SET @OLD_CHARACTER_SET_RESULTS=@@CHARACTER_SET_RESULTS */;
/*!40101 SET @OLD_COLLATION_CONNECTION=@@COLLATION_CONNECTION */;
/*!40101 SET NAMES utf8mb4 */;

--
-- Database: `pancing2`
--

-- --------------------------------------------------------

--
-- Struktur dari tabel `customer`
--

CREATE TABLE `customer` (
  `id` int(11) NOT NULL,
  `nama` varchar(255) NOT NULL,
  `ss1` int(11) DEFAULT NULL,
  `ss2` int(11) DEFAULT NULL,
  `ss3` int(11) NOT NULL,
  `lapak` int(11) DEFAULT NULL
) ENGINE=InnoDB DEFAULT CHARSET=utf8mb4 COLLATE=utf8mb4_general_ci;

--
-- Dumping data untuk tabel `customer`
--

INSERT INTO `customer` (`id`, `nama`, `ss1`, `ss2`, `ss3`, `lapak`) VALUES
(450, 'User1', 1, 0, 1, 1),
(451, 'User2', 0, 1, 0, 2),
(452, 'User3', 1, 0, 1, 1),
(453, 'User4', 0, 1, 0, 2),
(454, 'User5', 1, 0, 1, 1),
(455, 'User6', 0, 1, 0, 2),
(456, 'User7', 1, 0, 1, 1),
(457, 'User8', 0, 1, 0, 2),
(458, 'User9', 1, 0, 1, 1),
(459, 'User10', 0, 1, 0, 2),
(460, 'User11', 1, 0, 1, 1),
(461, 'User12', 0, 1, 0, 2),
(462, 'User13', 1, 0, 1, 1),
(463, 'User14', 0, 1, 0, 2),
(464, 'User15', 1, 0, 1, 1),
(465, 'User16', 0, 1, 0, 2),
(466, 'User17', 1, 0, 1, 1),
(467, 'User18', 0, 1, 0, 2),
(468, 'User19', 1, 0, 1, 1),
(469, 'User20', 0, 1, 0, 2),
(470, 'User21', 1, 0, 1, 1),
(471, 'User22', 0, 1, 0, 2),
(472, 'User23', 1, 0, 1, 1),
(473, 'User24', 0, 1, 0, 2),
(474, 'User25', 1, 0, 1, 1),
(475, 'User26', 0, 1, 0, 2),
(476, 'User27', 1, 0, 1, 1),
(477, 'User28', 0, 1, 0, 2),
(478, 'User29', 1, 0, 1, 1),
(479, 'User30', 0, 1, 0, 2),
(480, 'User31', 1, 0, 1, 1),
(481, 'User32', 0, 1, 0, 2),
(482, 'User33', 1, 0, 1, 1),
(483, 'User34', 0, 1, 0, 2),
(484, 'User35', 1, 0, 1, 1),
(485, 'User36', 0, 1, 0, 2),
(486, 'User37', 1, 0, 1, 1),
(487, 'User38', 0, 1, 0, 2),
(488, 'User39', 1, 0, 1, 1),
(489, 'User40', 0, 1, 0, 2),
(490, 'User41', 1, 0, 1, 1),
(491, 'User42', 0, 1, 0, 2),
(492, 'User43', 1, 0, 1, 1),
(493, 'User44', 0, 1, 0, 2),
(494, 'User45', 1, 0, 1, 1),
(495, 'User46', 0, 1, 0, 2),
(496, 'User47', 1, 0, 1, 1),
(497, 'User48', 0, 1, 0, 2),
(498, 'User49', 1, 0, 1, 1),
(499, 'User50', 0, 1, 0, 2),
(500, 'User51', 1, 0, 1, 1),
(501, 'User52', 0, 1, 0, 2),
(502, 'User53', 1, 0, 1, 1),
(503, 'User54', 0, 1, 0, 2),
(504, 'User55', 1, 0, 1, 1),
(505, 'User56', 0, 1, 0, 2),
(506, 'User57', 1, 0, 1, 1),
(507, 'User58', 0, 1, 0, 2),
(508, 'User59', 1, 0, 1, 1),
(509, 'User60', 0, 1, 0, 2),
(510, 'User61', 1, 0, 1, 1),
(511, 'User62', 0, 1, 0, 2),
(512, 'User63', 1, 0, 1, 1),
(513, 'User64', 0, 1, 0, 2),
(514, 'User65', 1, 0, 1, 1),
(515, 'User66', 0, 1, 0, 2),
(516, 'User67', 1, 0, 1, 1),
(517, 'User68', 0, 1, 0, 2),
(518, 'User69', 1, 0, 1, 1),
(519, 'User70', 0, 1, 0, 2),
(520, 'User71', 1, 0, 1, 1),
(521, 'User72', 0, 1, 0, 2),
(522, 'User73', 1, 0, 1, 1),
(523, 'User74', 0, 1, 0, 2),
(524, 'User75', 1, 0, 1, 1),
(525, 'User76', 0, 1, 0, 2),
(526, 'User77', 1, 0, 1, 1),
(527, 'User78', 0, 1, 0, 2),
(528, 'User79', 1, 0, 1, 1),
(529, 'User80', 0, 1, 0, 2),
(530, 'User81', 1, 0, 1, 1),
(531, 'User82', 1, 0, 1, 1),
(532, 'User83', 1, 0, 1, 1),
(533, 'User84', 1, 0, 1, 1),
(534, 'User85', 1, 0, 1, 1),
(535, 'User86', 1, 0, 1, 1),
(536, 'User87', 0, 1, 0, 2),
(537, 'User88', 0, 1, 0, 2),
(538, 'User89', 0, 1, 0, 2),
(539, 'User90', 0, 1, 0, 2),
(540, 'User91', 0, 1, 0, 2),
(541, 'User92', 0, 1, 0, 2),
(542, 'User93', 0, 1, 0, 2),
(543, 'User94', 0, 1, 0, 2),
(544, 'User95', 0, 1, 0, 2),
(545, 'User96', 0, 1, 0, 2),
(546, 'User97', 0, 1, 0, 2),
(547, 'User98', 0, 1, 0, 2),
(548, 'User99', 0, 1, 0, 2);

-- --------------------------------------------------------

--
-- Struktur dari tabel `hitam`
--

CREATE TABLE `hitam` (
  `id` int(11) NOT NULL,
  `customer_id` int(11) NOT NULL,
  `c1` int(11) DEFAULT NULL,
  `c2` int(11) DEFAULT NULL,
  `c3` int(11) DEFAULT NULL,
  `c4` int(11) DEFAULT NULL
) ENGINE=InnoDB DEFAULT CHARSET=utf8mb4 COLLATE=utf8mb4_general_ci;

-- --------------------------------------------------------

--
-- Struktur dari tabel `lomba`
--

CREATE TABLE `lomba` (
  `id` int(11) NOT NULL,
  `tanggal` date NOT NULL
) ENGINE=InnoDB DEFAULT CHARSET=utf8mb4 COLLATE=utf8mb4_general_ci;

--
-- Dumping data untuk tabel `lomba`
--

INSERT INTO `lomba` (`id`, `tanggal`) VALUES
(41, '2025-04-26'),
(42, '2025-04-20');

-- --------------------------------------------------------

--
-- Struktur dari tabel `merah`
--

CREATE TABLE `merah` (
  `id` int(11) NOT NULL,
  `customer_id` int(11) NOT NULL,
  `c1` int(11) DEFAULT NULL,
  `c2` int(11) DEFAULT NULL,
  `c3` int(11) DEFAULT NULL,
  `c4` int(11) DEFAULT NULL
) ENGINE=InnoDB DEFAULT CHARSET=utf8mb4 COLLATE=utf8mb4_general_ci;

-- --------------------------------------------------------

--
-- Struktur dari tabel `undian`
--

CREATE TABLE `undian` (
  `id` int(11) NOT NULL,
  `customer_id` int(11) NOT NULL,
  `lapak` varchar(11) DEFAULT NULL,
  `tanggal` date DEFAULT current_timestamp(),
  `lomba_id` int(11) NOT NULL
) ENGINE=InnoDB DEFAULT CHARSET=utf8mb4 COLLATE=utf8mb4_general_ci;

--
-- Dumping data untuk tabel `undian`
--

INSERT INTO `undian` (`id`, `customer_id`, `lapak`, `tanggal`, `lomba_id`) VALUES
(279, 451, '28 - 29', '2025-04-26', 41),
(280, 453, '13 - 14', '2025-04-26', 41),
(281, 455, '62 - 63', '2025-04-26', 41),
(282, 457, '128 - 129', '2025-04-26', 41),
(283, 459, '74 - 75', '2025-04-26', 41),
(284, 461, '76 - 77', '2025-04-26', 41),
(285, 463, '88 - 89', '2025-04-26', 41),
(286, 465, '112 - 113', '2025-04-26', 41),
(287, 467, '47 - 48', '2025-04-26', 41),
(288, 469, '106 - 107', '2025-04-26', 41),
(289, 471, '149 - 150', '2025-04-26', 41),
(290, 473, '136 - 137', '2025-04-26', 41),
(291, 475, '11 - 12', '2025-04-26', 41),
(292, 477, '16 - 17', '2025-04-26', 41),
(293, 479, '143 - 144', '2025-04-26', 41),
(294, 481, '54 - 55', '2025-04-26', 41),
(295, 483, '102 - 103', '2025-04-26', 41),
(296, 485, '24 - 25', '2025-04-26', 41),
(297, 487, '94 - 95', '2025-04-26', 41),
(298, 489, '60 - 61', '2025-04-26', 41),
(299, 491, '109 - 110', '2025-04-26', 41),
(300, 493, '9 - 10', '2025-04-26', 41),
(301, 495, '31 - 32', '2025-04-26', 41),
(302, 497, '64 - 65', '2025-04-26', 41),
(303, 499, '138 - 139', '2025-04-26', 41),
(304, 501, '58 - 59', '2025-04-26', 41),
(305, 503, '117 - 118', '2025-04-26', 41),
(306, 505, '146 - 147', '2025-04-26', 41),
(307, 507, '34 - 35', '2025-04-26', 41),
(308, 509, '50 - 51', '2025-04-26', 41),
(309, 511, '79 - 80', '2025-04-26', 41),
(310, 513, '85 - 86', '2025-04-26', 41),
(311, 515, '41 - 42', '2025-04-26', 41),
(312, 517, '132 - 133', '2025-04-26', 41),
(313, 519, '2 - 3', '2025-04-26', 41),
(314, 521, '5 - 6', '2025-04-26', 41),
(315, 523, '134 - 135', '2025-04-26', 41),
(316, 525, '67 - 68', '2025-04-26', 41),
(317, 527, '100 - 101', '2025-04-26', 41),
(318, 529, '96 - 97', '2025-04-26', 41),
(319, 536, '92 - 93', '2025-04-26', 41),
(320, 537, '39 - 40', '2025-04-26', 41),
(321, 538, '124 - 125', '2025-04-26', 41),
(322, 539, '98 - 99', '2025-04-26', 41),
(323, 540, '69 - 70', '2025-04-26', 41),
(324, 541, '72 - 73', '2025-04-26', 41),
(325, 542, '115 - 116', '2025-04-26', 41),
(326, 543, '119 - 120', '2025-04-26', 41),
(327, 544, '43 - 44', '2025-04-26', 41),
(328, 545, '37 - 38', '2025-04-26', 41),
(329, 546, '130 - 131', '2025-04-26', 41),
(330, 547, '140 - 141', '2025-04-26', 41),
(331, 548, '22 - 23', '2025-04-26', 41),
(332, 450, '19', '2025-04-26', 41),
(333, 452, '57', '2025-04-26', 41),
(334, 454, '81', '2025-04-26', 41),
(335, 456, '104', '2025-04-26', 41),
(336, 458, '152', '2025-04-26', 41),
(337, 460, '142', '2025-04-26', 41),
(338, 462, '126', '2025-04-26', 41),
(339, 464, '56', '2025-04-26', 41),
(340, 466, '53', '2025-04-26', 41),
(341, 468, '87', '2025-04-26', 41),
(342, 470, '30', '2025-04-26', 41),
(343, 472, '90', '2025-04-26', 41),
(344, 474, '18', '2025-04-26', 41),
(345, 476, '145', '2025-04-26', 41),
(346, 478, '82', '2025-04-26', 41),
(347, 480, '46', '2025-04-26', 41),
(348, 482, '108', '2025-04-26', 41),
(349, 484, '33', '2025-04-26', 41),
(350, 486, '78', '2025-04-26', 41),
(351, 488, '4', '2025-04-26', 41),
(352, 490, '7', '2025-04-26', 41),
(353, 492, '21', '2025-04-26', 41),
(354, 494, '122', '2025-04-26', 41),
(355, 496, '49', '2025-04-26', 41),
(356, 498, '127', '2025-04-26', 41),
(357, 500, '52', '2025-04-26', 41),
(358, 502, '71', '2025-04-26', 41),
(359, 504, '91', '2025-04-26', 41),
(360, 506, '114', '2025-04-26', 41),
(361, 508, '84', '2025-04-26', 41),
(362, 510, '66', '2025-04-26', 41),
(363, 512, '105', '2025-04-26', 41),
(364, 514, '8', '2025-04-26', 41),
(365, 516, '15', '2025-04-26', 41),
(366, 518, '83', '2025-04-26', 41),
(367, 520, '148', '2025-04-26', 41),
(368, 522, '123', '2025-04-26', 41),
(369, 524, '26', '2025-04-26', 41),
(370, 526, '27', '2025-04-26', 41),
(371, 528, '20', '2025-04-26', 41),
(372, 530, '121', '2025-04-26', 41),
(373, 531, '1', '2025-04-26', 41),
(374, 532, '111', '2025-04-26', 41),
(375, 533, '36', '2025-04-26', 41),
(376, 534, '45', '2025-04-26', 41),
(377, 535, '151', '2025-04-26', 41),
(378, 451, '111 - 112', '2025-04-20', 42),
(379, 453, '39 - 40', '2025-04-20', 42),
(380, 455, '21 - 22', '2025-04-20', 42),
(381, 457, '75 - 76', '2025-04-20', 42),
(382, 459, '142 - 143', '2025-04-20', 42),
(383, 461, '32 - 33', '2025-04-20', 42),
(384, 463, '28 - 29', '2025-04-20', 42),
(385, 465, '25 - 26', '2025-04-20', 42),
(386, 467, '69 - 70', '2025-04-20', 42),
(387, 469, '127 - 128', '2025-04-20', 42),
(388, 471, '15 - 16', '2025-04-20', 42),
(389, 473, '8 - 9', '2025-04-20', 42),
(390, 475, '17 - 18', '2025-04-20', 42),
(391, 477, '145 - 146', '2025-04-20', 42),
(392, 479, '107 - 108', '2025-04-20', 42),
(393, 481, '151 - 152', '2025-04-20', 42),
(394, 483, '148 - 149', '2025-04-20', 42),
(395, 485, '51 - 52', '2025-04-20', 42),
(396, 487, '46 - 47', '2025-04-20', 42),
(397, 489, '137 - 138', '2025-04-20', 42),
(398, 491, '121 - 122', '2025-04-20', 42),
(399, 493, '66 - 67', '2025-04-20', 42),
(400, 495, '42 - 43', '2025-04-20', 42),
(401, 497, '73 - 74', '2025-04-20', 42),
(402, 499, '3 - 4', '2025-04-20', 42),
(403, 501, '35 - 36', '2025-04-20', 42),
(404, 503, '99 - 100', '2025-04-20', 42),
(405, 505, '92 - 93', '2025-04-20', 42),
(406, 507, '82 - 83', '2025-04-20', 42),
(407, 509, '89 - 90', '2025-04-20', 42),
(408, 511, '132 - 133', '2025-04-20', 42),
(409, 513, '48 - 49', '2025-04-20', 42),
(410, 515, '101 - 102', '2025-04-20', 42),
(411, 517, '114 - 115', '2025-04-20', 42),
(412, 519, '96 - 97', '2025-04-20', 42),
(413, 521, '54 - 55', '2025-04-20', 42),
(414, 523, '10 - 11', '2025-04-20', 42),
(415, 525, '103 - 104', '2025-04-20', 42),
(416, 527, '87 - 88', '2025-04-20', 42),
(417, 529, '61 - 62', '2025-04-20', 42),
(418, 536, '78 - 79', '2025-04-20', 42),
(419, 537, '64 - 65', '2025-04-20', 42),
(420, 538, '130 - 131', '2025-04-20', 42),
(421, 539, '57 - 58', '2025-04-20', 42),
(422, 540, '94 - 95', '2025-04-20', 42),
(423, 541, '5 - 6', '2025-04-20', 42),
(424, 542, '37 - 38', '2025-04-20', 42),
(425, 543, '123 - 124', '2025-04-20', 42),
(426, 544, '135 - 136', '2025-04-20', 42),
(427, 545, '119 - 120', '2025-04-20', 42),
(428, 546, '84 - 85', '2025-04-20', 42),
(429, 547, '125 - 126', '2025-04-20', 42),
(430, 548, '117 - 118', '2025-04-20', 42),
(431, 450, '91', '2025-04-20', 42),
(432, 452, '106', '2025-04-20', 42),
(433, 454, '30', '2025-04-20', 42),
(434, 456, '59', '2025-04-20', 42),
(435, 458, '147', '2025-04-20', 42),
(436, 460, '116', '2025-04-20', 42),
(437, 462, '41', '2025-04-20', 42),
(438, 464, '34', '2025-04-20', 42),
(439, 466, '68', '2025-04-20', 42),
(440, 468, '24', '2025-04-20', 42),
(441, 470, '72', '2025-04-20', 42),
(442, 472, '7', '2025-04-20', 42),
(443, 474, '150', '2025-04-20', 42),
(444, 476, '113', '2025-04-20', 42),
(445, 478, '98', '2025-04-20', 42),
(446, 480, '44', '2025-04-20', 42),
(447, 482, '63', '2025-04-20', 42),
(448, 484, '139', '2025-04-20', 42),
(449, 486, '71', '2025-04-20', 42),
(450, 488, '105', '2025-04-20', 42),
(451, 490, '140', '2025-04-20', 42),
(452, 492, '13', '2025-04-20', 42),
(453, 494, '12', '2025-04-20', 42),
(454, 496, '1', '2025-04-20', 42),
(455, 498, '77', '2025-04-20', 42),
(456, 500, '53', '2025-04-20', 42),
(457, 502, '141', '2025-04-20', 42),
(458, 504, '20', '2025-04-20', 42),
(459, 506, '129', '2025-04-20', 42),
(460, 508, '60', '2025-04-20', 42),
(461, 510, '2', '2025-04-20', 42),
(462, 512, '45', '2025-04-20', 42),
(463, 514, '109', '2025-04-20', 42),
(464, 516, '31', '2025-04-20', 42),
(465, 518, '134', '2025-04-20', 42),
(466, 520, '86', '2025-04-20', 42),
(467, 522, '110', '2025-04-20', 42),
(468, 524, '50', '2025-04-20', 42),
(469, 526, '80', '2025-04-20', 42),
(470, 528, '14', '2025-04-20', 42),
(471, 530, '81', '2025-04-20', 42),
(472, 531, '144', '2025-04-20', 42),
(473, 532, '19', '2025-04-20', 42),
(474, 533, '56', '2025-04-20', 42),
(475, 534, '23', '2025-04-20', 42),
(476, 535, '27', '2025-04-20', 42);

--
-- Indexes for dumped tables
--

--
-- Indeks untuk tabel `customer`
--
ALTER TABLE `customer`
  ADD PRIMARY KEY (`id`);

--
-- Indeks untuk tabel `hitam`
--
ALTER TABLE `hitam`
  ADD PRIMARY KEY (`id`);

--
-- Indeks untuk tabel `lomba`
--
ALTER TABLE `lomba`
  ADD PRIMARY KEY (`id`);

--
-- Indeks untuk tabel `merah`
--
ALTER TABLE `merah`
  ADD PRIMARY KEY (`id`);

--
-- Indeks untuk tabel `undian`
--
ALTER TABLE `undian`
  ADD PRIMARY KEY (`id`);

--
-- AUTO_INCREMENT untuk tabel yang dibuang
--

--
-- AUTO_INCREMENT untuk tabel `customer`
--
ALTER TABLE `customer`
  MODIFY `id` int(11) NOT NULL AUTO_INCREMENT, AUTO_INCREMENT=549;

--
-- AUTO_INCREMENT untuk tabel `hitam`
--
ALTER TABLE `hitam`
  MODIFY `id` int(11) NOT NULL AUTO_INCREMENT, AUTO_INCREMENT=29;

--
-- AUTO_INCREMENT untuk tabel `lomba`
--
ALTER TABLE `lomba`
  MODIFY `id` int(11) NOT NULL AUTO_INCREMENT, AUTO_INCREMENT=43;

--
-- AUTO_INCREMENT untuk tabel `merah`
--
ALTER TABLE `merah`
  MODIFY `id` int(11) NOT NULL AUTO_INCREMENT, AUTO_INCREMENT=42;

--
-- AUTO_INCREMENT untuk tabel `undian`
--
ALTER TABLE `undian`
  MODIFY `id` int(11) NOT NULL AUTO_INCREMENT, AUTO_INCREMENT=477;
COMMIT;

/*!40101 SET CHARACTER_SET_CLIENT=@OLD_CHARACTER_SET_CLIENT */;
/*!40101 SET CHARACTER_SET_RESULTS=@OLD_CHARACTER_SET_RESULTS */;
/*!40101 SET COLLATION_CONNECTION=@OLD_COLLATION_CONNECTION */;
